iter,step,s,a,r,Q_[0 7]_0,Q_[0 7]_1,Q_[0 7]_2,Q_[0 7]_3,Q_[2 4]_0,Q_[2 4]_1,Q_[2 4]_2,Q_[2 4]_3,Q_[0 4]_0,Q_[0 4]_1,Q_[0 4]_2,Q_[0 4]_3,Q_[1 4]_0,Q_[1 4]_1,Q_[1 4]_2,Q_[1 4]_3,Q_[0 6]_0,Q_[0 6]_1,Q_[0 6]_2,Q_[0 6]_3,Q_[0 5]_0,Q_[0 5]_1,Q_[0 5]_2,Q_[0 5]_3,Q_[0 8]_0,Q_[0 8]_1,Q_[0 8]_2,Q_[0 8]_3,Q_[5 5]_0,Q_[5 5]_1,Q_[5 5]_2,Q_[5 5]_3,Q_[5 4]_0,Q_[5 4]_1,Q_[5 4]_2,Q_[5 4]_3,Q_[5 1]_0,Q_[5 1]_1,Q_[5 1]_2,Q_[5 1]_3,Q_[5 0]_0,Q_[5 0]_1,Q_[5 0]_2,Q_[5 0]_3,Q_[5 6]_0,Q_[5 6]_1,Q_[5 6]_2,Q_[5 6]_3,Q_[5 3]_0,Q_[5 3]_1,Q_[5 3]_2,Q_[5 3]_3,Q_[5 2]_0,Q_[5 2]_1,Q_[5 2]_2,Q_[5 2]_3,Q_[4 3]_0,Q_[4 3]_1,Q_[4 3]_2,Q_[4 3]_3,Q_[3 3]_0,Q_[3 3]_1,Q_[3 3]_2,Q_[3 3]_3,Q_[0 0]_0,Q_[0 0]_1,Q_[0 0]_2,Q_[0 0]_3
0,22,[0 8],2,1.0,0.0,0.5185100556181507,0.4814899443818493,0.0,0.159686461237614,0.45194222801598205,0.38837131074640396,0.0,0.0,1.0,0.0,0.0,1.0,0.0,0.0,0.0,0.0,1.0,0.0,0.0,0.0,1.0,0.0,0.0,0.0,0.0,1.0,0.0,,,,,,,,,,,,,,,,,,,,,,,,,,,,,,,,,,,,,,,,
1,74,[5 0],0,5.0,0.0,0.5185100556181507,0.4814899443818493,0.0,0.159686461237614,0.45194222801598205,0.38837131074640396,0.0,0.0,1.0,0.0,0.0,1.0,0.0,0.0,0.0,0.0,1.0,0.0,0.0,0.0,1.0,0.0,0.0,0.0,0.0,1.0,0.0,0.20409779301451272,0.175994212038674,0.3832189093748334,0.23668908557197996,0.0,0.0,0.0,1.0,0.0,0.0,0.4814899443818493,0.5185100556181507,1.0,0.0,0.0,0.0,0.0,0.0,0.0,1.0,0.0,0.0,0.0,1.0,0.22294455615863543,0.0,0.4986313870325707,0.27842405680879384,,,,,,,,,,,,
2,19,[5 0],0,5.0,0.0,0.5185100556181507,0.4814899443818493,0.0,0.159686461237614,0.45194222801598205,0.38837131074640396,0.0,0.0,1.0,0.0,0.0,1.0,0.0,0.0,0.0,0.0,1.0,0.0,0.0,0.0,1.0,0.0,0.0,0.0,0.0,1.0,0.0,0.20409779301451272,0.175994212038674,0.3832189093748334,0.23668908557197996,0.0,0.0,0.0,1.0,0.0,0.0,0.4814899443818493,0.5185100556181507,1.0,0.0,0.0,0.0,0.0,0.0,0.0,1.0,0.0,0.0,0.0,1.0,0.22294455615863543,0.0,0.4986313870325707,0.27842405680879384,0.19232841123699573,0.0,0.24018911885021255,0.5674824699127916,0.0,0.0,1.0,0.0,,,,
3,9,[5 0],0,5.0,0.0,0.5185100556181507,0.4814899443818493,0.0,0.159686461237614,0.45194222801598205,0.38837131074640396,0.0,0.0,1.0,0.0,0.0,1.0,0.0,0.0,0.0,0.0,1.0,0.0,0.0,0.0,1.0,0.0,0.0,0.0,0.0,1.0,0.0,0.20409779301451272,0.175994212038674,0.3832189093748334,0.23668908557197996,0.0,0.0,0.0,1.0,0.0,0.0,0.48148994438184933,0.5185100556181508,1.0,0.0,0.0,0.0,0.0,0.0,0.0,1.0,0.0,0.0,0.0,1.0,0.2229445561586354,0.0,0.4986313870325707,0.27842405680879384,0.31471760103521595,0.0,0.3930347201077521,0.2922476788570321,0.0,0.0,1.0,0.0,1.0,0.0,0.0,0.0
4,10,[5 0],0,5.0,0.0,0.5185100556181507,0.4814899443818493,0.0,0.159686461237614,0.45194222801598205,0.38837131074640396,0.0,0.0,1.0,0.0,0.0,1.0,0.0,0.0,0.0,0.0,1.0,0.0,0.0,0.0,1.0,0.0,0.0,0.0,0.0,1.0,0.0,0.20409779301451272,0.175994212038674,0.3832189093748334,0.23668908557197996,0.0,0.0,0.0,1.0,0.0,0.0,0.4814899443818493,0.5185100556181507,1.0,0.0,0.0,0.0,0.0,0.0,0.0,1.0,0.0,0.0,0.0,1.0,0.22294455615863543,0.0,0.4986313870325707,0.27842405680879384,1.0,0.0,0.0,0.0,0.0,0.0,1.0,0.0,1.0,0.0,0.0,0.0
5,9,[5 0],0,5.0,0.0,0.5185100556181507,0.4814899443818493,0.0,0.159686461237614,0.45194222801598205,0.38837131074640396,0.0,0.0,1.0,0.0,0.0,1.0,0.0,0.0,0.0,0.0,1.0,0.0,0.0,0.0,1.0,0.0,0.0,0.0,0.0,1.0,0.0,0.20409779301451272,0.175994212038674,0.3832189093748334,0.23668908557197996,0.0,0.0,0.0,1.0,0.0,0.0,0.4814899443818493,0.5185100556181508,1.0,0.0,0.0,0.0,0.0,0.0,0.0,1.0,0.0,0.0,0.0,1.0,0.22294455615863545,0.0,0.4986313870325707,0.2784240568087939,0.22592229503861347,0.0,0.5642856052824736,0.2097920996789129,0.0,0.0,1.0,0.0,1.0,0.0,0.0,0.0
6,10,[5 0],0,5.0,0.0,0.5185100556181507,0.4814899443818493,0.0,0.159686461237614,0.45194222801598205,0.38837131074640396,0.0,0.0,1.0,0.0,0.0,1.0,0.0,0.0,0.0,0.0,1.0,0.0,0.0,0.0,1.0,0.0,0.0,0.0,0.0,1.0,0.0,0.20409779301451272,0.175994212038674,0.3832189093748334,0.23668908557197996,0.0,0.0,0.0,1.0,0.0,0.0,0.48148994438184933,0.5185100556181508,1.0,0.0,0.0,0.0,0.0,0.0,0.0,1.0,0.0,0.0,0.0,1.0,0.22294455615863545,0.0,0.4986313870325707,0.2784240568087939,1.0,0.0,0.0,0.0,0.0,0.0,1.0,0.0,1.0,0.0,0.0,0.0
7,13,[5 0],0,5.0,0.0,0.5185100556181507,0.4814899443818493,0.0,0.159686461237614,0.45194222801598205,0.38837131074640396,0.0,0.0,1.0,0.0,0.0,1.0,0.0,0.0,0.0,0.0,1.0,0.0,0.0,0.0,1.0,0.0,0.0,0.0,0.0,1.0,0.0,0.20409779301451272,0.175994212038674,0.3832189093748334,0.23668908557197996,0.0,0.0,0.0,1.0,0.0,0.0,0.4814899443818493,0.5185100556181507,1.0,0.0,0.0,0.0,0.0,0.0,0.0,1.0,0.0,0.0,0.0,1.0,0.22294455615863543,0.0,0.4986313870325707,0.27842405680879384,0.11868491555971174,0.0,0.44465856769291856,0.43665651674736977,0.0,0.0,1.0,0.0,1.0,0.0,0.0,0.0
8,10,[5 0],0,5.0,0.0,0.5185100556181507,0.4814899443818493,0.0,0.159686461237614,0.45194222801598205,0.38837131074640396,0.0,0.0,1.0,0.0,0.0,1.0,0.0,0.0,0.0,0.0,1.0,0.0,0.0,0.0,1.0,0.0,0.0,0.0,0.0,1.0,0.0,0.20409779301451272,0.175994212038674,0.3832189093748334,0.23668908557197996,0.0,0.0,0.0,1.0,0.0,0.0,0.4814899443818493,0.5185100556181507,1.0,0.0,0.0,0.0,0.0,0.0,0.0,1.0,0.0,0.0,0.0,1.0,0.22294455615863543,0.0,0.49863138703257076,0.27842405680879384,1.0,0.0,0.0,0.0,0.0,0.0,1.0,0.0,1.0,0.0,0.0,0.0
9,14,[5 0],0,5.0,0.0,0.5185100556181507,0.4814899443818493,0.0,0.159686461237614,0.45194222801598205,0.38837131074640396,0.0,0.0,1.0,0.0,0.0,1.0,0.0,0.0,0.0,0.0,1.0,0.0,0.0,0.0,1.0,0.0,0.0,0.0,0.0,1.0,0.0,0.20409779301451272,0.175994212038674,0.3832189093748334,0.23668908557197996,0.0,0.0,0.0,1.0,0.0,0.0,0.4814899443818493,0.5185100556181507,1.0,0.0,0.0,0.0,0.0,0.0,0.0,1.0,0.0,0.0,0.0,1.0,0.2229445561586354,0.0,0.49863138703257076,0.27842405680879384,0.12265266052470027,0.0,0.408465697003518,0.46888164247178177,0.0,0.0,1.0,0.0,1.0,0.0,0.0,0.0
10,10,[5 0],0,5.0,0.0,0.5185100556181507,0.4814899443818493,0.0,0.159686461237614,0.45194222801598205,0.38837131074640396,0.0,0.0,1.0,0.0,0.0,1.0,0.0,0.0,0.0,0.0,1.0,0.0,0.0,0.0,1.0,0.0,0.0,0.0,0.0,1.0,0.0,0.20409779301451272,0.175994212038674,0.3832189093748334,0.23668908557197996,0.0,0.0,0.0,1.0,0.0,0.0,0.4814899443818493,0.5185100556181508,1.0,0.0,0.0,0.0,0.0,0.0,0.0,1.0,0.0,0.0,0.0,1.0,0.2229445561586354,0.0,0.4986313870325708,0.27842405680879384,1.0,0.0,0.0,0.0,0.0,0.0,1.0,0.0,1.0,0.0,0.0,0.0
11,10,[5 0],0,5.0,0.0,0.5185100556181507,0.4814899443818493,0.0,0.159686461237614,0.45194222801598205,0.38837131074640396,0.0,0.0,1.0,0.0,0.0,1.0,0.0,0.0,0.0,0.0,1.0,0.0,0.0,0.0,1.0,0.0,0.0,0.0,0.0,1.0,0.0,0.20409779301451272,0.175994212038674,0.3832189093748334,0.23668908557197996,0.0,0.0,0.0,1.0,0.0,0.0,0.4814899443818493,0.5185100556181508,1.0,0.0,0.0,0.0,0.0,0.0,0.0,1.0,0.0,0.0,0.0,1.0,0.22294455615863537,0.0,0.4986313870325708,0.2784240568087938,1.0,0.0,0.0,0.0,0.0,0.0,1.0,0.0,1.0,0.0,0.0,0.0
12,9,[5 0],0,5.0,0.0,0.5185100556181507,0.4814899443818493,0.0,0.159686461237614,0.45194222801598205,0.38837131074640396,0.0,0.0,1.0,0.0,0.0,1.0,0.0,0.0,0.0,0.0,1.0,0.0,0.0,0.0,1.0,0.0,0.0,0.0,0.0,1.0,0.0,0.20409779301451272,0.175994212038674,0.3832189093748334,0.23668908557197996,0.0,0.0,0.0,1.0,0.0,0.0,0.4814899443818492,0.5185100556181508,1.0,0.0,0.0,0.0,0.0,0.0,0.0,1.0,0.0,0.0,0.0,1.0,0.22294455615863537,0.0,0.49863138703257087,0.27842405680879384,0.20204745783041617,0.0,0.6728713045231477,0.12508123764643617,0.0,0.0,1.0,0.0,1.0,0.0,0.0,0.0
13,10,[5 0],0,5.0,0.0,0.5185100556181507,0.4814899443818493,0.0,0.159686461237614,0.45194222801598205,0.38837131074640396,0.0,0.0,1.0,0.0,0.0,1.0,0.0,0.0,0.0,0.0,1.0,0.0,0.0,0.0,1.0,0.0,0.0,0.0,0.0,1.0,0.0,0.20409779301451272,0.175994212038674,0.3832189093748334,0.23668908557197996,0.0,0.0,0.0,1.0,0.0,0.0,0.48148994438184917,0.5185100556181508,1.0,0.0,0.0,0.0,0.0,0.0,0.0,1.0,0.0,0.0,0.0,1.0,0.22294455615863537,0.0,0.4986313870325708,0.27842405680879384,1.0,0.0,0.0,0.0,0.0,0.0,1.0,0.0,1.0,0.0,0.0,0.0
14,10,[5 0],0,5.0,0.0,0.5185100556181507,0.4814899443818493,0.0,0.159686461237614,0.45194222801598205,0.38837131074640396,0.0,0.0,1.0,0.0,0.0,1.0,0.0,0.0,0.0,0.0,1.0,0.0,0.0,0.0,1.0,0.0,0.0,0.0,0.0,1.0,0.0,0.20409779301451272,0.175994212038674,0.3832189093748334,0.23668908557197996,0.0,0.0,0.0,1.0,0.0,0.0,0.4814899443818492,0.5185100556181508,1.0,0.0,0.0,0.0,0.0,0.0,0.0,1.0,0.0,0.0,0.0,1.0,0.2229445561586354,0.0,0.49863138703257087,0.27842405680879384,1.0,0.0,0.0,0.0,0.0,0.0,1.0,0.0,1.0,0.0,0.0,0.0
15,15,[5 0],0,5.0,0.0,0.5185100556181507,0.4814899443818493,0.0,0.159686461237614,0.45194222801598205,0.38837131074640396,0.0,0.0,1.0,0.0,0.0,1.0,0.0,0.0,0.0,0.0,1.0,0.0,0.0,0.0,1.0,0.0,0.0,0.0,0.0,1.0,0.0,0.20409779301451272,0.175994212038674,0.3832189093748334,0.23668908557197996,0.0,0.0,0.0,1.0,0.0,0.0,0.4814899443818492,0.5185100556181509,1.0,0.0,0.0,0.0,0.0,0.0,0.0,1.0,0.0,0.0,0.0,1.0,0.2229445561586354,0.0,0.4986313870325709,0.27842405680879384,0.12031273234138094,0.0,0.4326208633194986,0.44706640433912037,0.0,0.0,1.0,0.0,1.0,0.0,0.0,0.0
16,9,[5 0],0,5.0,0.0,0.5185100556181507,0.4814899443818493,0.0,0.159686461237614,0.45194222801598205,0.38837131074640396,0.0,0.0,1.0,0.0,0.0,1.0,0.0,0.0,0.0,0.0,1.0,0.0,0.0,0.0,1.0,0.0,0.0,0.0,0.0,1.0,0.0,0.20409779301451272,0.175994212038674,0.3832189093748334,0.23668908557197996,0.0,0.0,0.0,1.0,0.0,0.0,0.48148994438184917,0.5185100556181508,1.0,0.0,0.0,0.0,0.0,0.0,0.0,1.0,0.0,0.0,0.0,1.0,0.22294455615863534,0.0,0.49863138703257087,0.2784240568087938,0.1985061305615838,0.0,0.7060413103581089,0.09545255908030721,0.0,0.0,1.0,0.0,1.0,0.0,0.0,0.0
17,14,[5 0],0,5.0,0.0,0.5185100556181507,0.4814899443818493,0.0,0.159686461237614,0.45194222801598205,0.38837131074640396,0.0,0.0,1.0,0.0,0.0,1.0,0.0,0.0,0.0,0.0,1.0,0.0,0.0,0.0,1.0,0.0,0.0,0.0,0.0,1.0,0.0,0.20409779301451272,0.175994212038674,0.3832189093748334,0.23668908557197996,0.0,0.0,0.0,1.0,0.0,0.0,0.48148994438184917,0.5185100556181508,1.0,0.0,0.0,0.0,0.0,0.0,0.0,1.0,0.0,0.0,0.0,1.0,0.22294455615863532,0.0,0.4986313870325708,0.2784240568087938,0.12509673644742858,0.0,0.426390538513693,0.4485127250388784,0.0,0.0,1.0,0.0,1.0,0.0,0.0,0.0
18,11,[5 0],0,5.0,0.0,0.5185100556181507,0.4814899443818493,0.0,0.159686461237614,0.45194222801598205,0.38837131074640396,0.0,0.0,1.0,0.0,0.0,1.0,0.0,0.0,0.0,0.0,1.0,0.0,0.0,0.0,1.0,0.0,0.0,0.0,0.0,1.0,0.0,0.20409779301451272,0.175994212038674,0.3832189093748334,0.23668908557197996,0.0,0.0,0.0,1.0,0.0,0.0,0.48148994438184917,0.5185100556181508,1.0,0.0,0.0,0.0,0.0,0.0,0.0,1.0,0.0,0.0,0.0,1.0,0.22294455615863534,0.0,0.4986313870325709,0.27842405680879384,0.3245262552606478,0.0,0.6754737447393522,0.0,0.0,0.0,1.0,0.0,1.0,0.0,0.0,0.0
19,10,[5 0],0,5.0,0.0,0.5185100556181507,0.4814899443818493,0.0,0.159686461237614,0.45194222801598205,0.38837131074640396,0.0,0.0,1.0,0.0,0.0,1.0,0.0,0.0,0.0,0.0,1.0,0.0,0.0,0.0,1.0,0.0,0.0,0.0,0.0,1.0,0.0,0.20409779301451272,0.175994212038674,0.3832189093748334,0.23668908557197996,0.0,0.0,0.0,1.0,0.0,0.0,0.48148994438184917,0.5185100556181509,1.0,0.0,0.0,0.0,0.0,0.0,0.0,1.0,0.0,0.0,0.0,1.0,0.22294455615863532,0.0,0.49863138703257087,0.2784240568087938,1.0,0.0,0.0,0.0,0.0,0.0,1.0,0.0,1.0,0.0,0.0,0.0
20,14,[5 0],0,5.0,0.0,0.5185100556181507,0.4814899443818493,0.0,0.159686461237614,0.45194222801598205,0.38837131074640396,0.0,0.0,1.0,0.0,0.0,1.0,0.0,0.0,0.0,0.0,1.0,0.0,0.0,0.0,1.0,0.0,0.0,0.0,0.0,1.0,0.0,0.20409779301451272,0.175994212038674,0.3832189093748334,0.23668908557197996,0.0,0.0,0.0,1.0,0.0,0.0,0.48148994438184917,0.5185100556181509,1.0,0.0,0.0,0.0,0.0,0.0,0.0,1.0,0.0,0.0,0.0,1.0,0.22294455615863532,0.0,0.49863138703257087,0.2784240568087938,0.0,0.0,1.0,0.0,0.0,0.0,1.0,0.0,1.0,0.0,0.0,0.0
21,9,[5 0],0,5.0,0.0,0.5185100556181507,0.4814899443818493,0.0,0.159686461237614,0.45194222801598205,0.38837131074640396,0.0,0.0,1.0,0.0,0.0,1.0,0.0,0.0,0.0,0.0,1.0,0.0,0.0,0.0,1.0,0.0,0.0,0.0,0.0,1.0,0.0,0.20409779301451272,0.175994212038674,0.3832189093748334,0.23668908557197996,0.0,0.0,0.0,1.0,0.0,0.0,0.48148994438184917,0.5185100556181508,1.0,0.0,0.0,0.0,0.0,0.0,0.0,1.0,0.0,0.0,0.0,1.0,0.22294455615863532,0.0,0.4986313870325709,0.2784240568087938,0.23339370249887756,0.0,0.6543284982112477,0.11227779928987484,0.0,0.0,1.0,0.0,1.0,0.0,0.0,0.0
22,9,[5 0],0,5.0,0.0,0.5185100556181507,0.4814899443818493,0.0,0.159686461237614,0.45194222801598205,0.38837131074640396,0.0,0.0,1.0,0.0,0.0,1.0,0.0,0.0,0.0,0.0,1.0,0.0,0.0,0.0,1.0,0.0,0.0,0.0,0.0,1.0,0.0,0.20409779301451272,0.175994212038674,0.3832189093748334,0.23668908557197996,0.0,0.0,0.0,1.0,0.0,0.0,0.4814899443818492,0.5185100556181508,1.0,0.0,0.0,0.0,0.0,0.0,0.0,1.0,0.0,0.0,0.0,1.0,0.2229445561586353,0.0,0.49863138703257087,0.2784240568087938,0.23339370249887756,0.0,0.6543284982112477,0.11227779928987484,0.0,0.0,1.0,0.0,1.0,0.0,0.0,0.0
23,13,[5 0],0,5.0,0.0,0.5185100556181507,0.4814899443818493,0.0,0.159686461237614,0.45194222801598205,0.38837131074640396,0.0,0.0,1.0,0.0,0.0,1.0,0.0,0.0,0.0,0.0,1.0,0.0,0.0,0.0,1.0,0.0,0.0,0.0,0.0,1.0,0.0,0.20409779301451272,0.175994212038674,0.3832189093748334,0.23668908557197996,0.0,0.0,0.0,1.0,0.0,0.0,0.4814899443818492,0.5185100556181508,1.0,0.0,0.0,0.0,0.0,0.0,0.0,1.0,0.0,0.0,0.0,1.0,0.22294455615863534,0.0,0.4986313870325709,0.27842405680879384,0.1589930042060254,0.0,0.43925811562301487,0.40174888017095967,0.0,0.0,1.0,0.0,1.0,0.0,0.0,0.0
24,9,[5 0],0,5.0,0.0,0.5185100556181507,0.4814899443818493,0.0,0.159686461237614,0.45194222801598205,0.38837131074640396,0.0,0.0,1.0,0.0,0.0,1.0,0.0,0.0,0.0,0.0,1.0,0.0,0.0,0.0,1.0,0.0,0.0,0.0,0.0,1.0,0.0,0.20409779301451272,0.175994212038674,0.3832189093748334,0.23668908557197996,0.0,0.0,0.0,1.0,0.0,0.0,0.4814899443818492,0.5185100556181508,1.0,0.0,0.0,0.0,0.0,0.0,0.0,1.0,0.0,0.0,0.0,1.0,0.22294455615863534,0.0,0.498631387032571,0.27842405680879384,0.25095180731142286,0.0,0.6461011477024313,0.10294704498614583,0.0,0.0,1.0,0.0,1.0,0.0,0.0,0.0
25,11,[5 0],0,5.0,0.0,0.5185100556181507,0.4814899443818493,0.0,0.159686461237614,0.45194222801598205,0.38837131074640396,0.0,0.0,1.0,0.0,0.0,1.0,0.0,0.0,0.0,0.0,1.0,0.0,0.0,0.0,1.0,0.0,0.0,0.0,0.0,1.0,0.0,0.20409779301451272,0.175994212038674,0.3832189093748334,0.23668908557197996,0.0,0.0,0.0,1.0,0.0,0.0,0.4814899443818492,0.5185100556181508,1.0,0.0,0.0,0.0,0.0,0.0,0.0,1.0,0.0,0.0,0.0,1.0,0.2229445561586353,0.0,0.49863138703257087,0.2784240568087938,0.2859023491752157,0.0,0.7140976508247844,0.0,0.0,0.0,1.0,0.0,1.0,0.0,0.0,0.0
26,9,[5 0],0,5.0,0.0,0.5185100556181507,0.4814899443818493,0.0,0.159686461237614,0.45194222801598205,0.38837131074640396,0.0,0.0,1.0,0.0,0.0,1.0,0.0,0.0,0.0,0.0,1.0,0.0,0.0,0.0,1.0,0.0,0.0,0.0,0.0,1.0,0.0,0.20409779301451272,0.175994212038674,0.3832189093748334,0.23668908557197996,0.0,0.0,0.0,1.0,0.0,0.0,0.4814899443818493,0.5185100556181508,1.0,0.0,0.0,0.0,0.0,0.0,0.0,1.0,0.0,0.0,0.0,1.0,0.22294455615863534,0.0,0.4986313870325709,0.27842405680879384,0.25095180731142286,0.0,0.6461011477024313,0.10294704498614583,0.0,0.0,1.0,0.0,1.0,0.0,0.0,0.0
27,9,[5 0],0,5.0,0.0,0.5185100556181507,0.4814899443818493,0.0,0.159686461237614,0.45194222801598205,0.38837131074640396,0.0,0.0,1.0,0.0,0.0,1.0,0.0,0.0,0.0,0.0,1.0,0.0,0.0,0.0,1.0,0.0,0.0,0.0,0.0,1.0,0.0,0.20409779301451272,0.175994212038674,0.3832189093748334,0.23668908557197996,0.0,0.0,0.0,1.0,0.0,0.0,0.4814899443818493,0.5185100556181508,1.0,0.0,0.0,0.0,0.0,0.0,0.0,1.0,0.0,0.0,0.0,1.0,0.22294455615863532,0.0,0.4986313870325708,0.2784240568087938,0.25095180731142286,0.0,0.6461011477024313,0.10294704498614583,0.0,0.0,1.0,0.0,1.0,0.0,0.0,0.0
28,9,[5 0],0,5.0,0.0,0.5185100556181507,0.4814899443818493,0.0,0.159686461237614,0.45194222801598205,0.38837131074640396,0.0,0.0,1.0,0.0,0.0,1.0,0.0,0.0,0.0,0.0,1.0,0.0,0.0,0.0,1.0,0.0,0.0,0.0,0.0,1.0,0.0,0.20409779301451272,0.175994212038674,0.3832189093748334,0.23668908557197996,0.0,0.0,0.0,1.0,0.0,0.0,0.4814899443818493,0.5185100556181507,1.0,0.0,0.0,0.0,0.0,0.0,0.0,1.0,0.0,0.0,0.0,1.0,0.2229445561586354,0.0,0.49863138703257087,0.27842405680879384,0.25095180731142286,0.0,0.6461011477024313,0.10294704498614583,0.0,0.0,1.0,0.0,1.0,0.0,0.0,0.0
29,9,[5 0],0,5.0,0.0,0.5185100556181507,0.4814899443818493,0.0,0.159686461237614,0.45194222801598205,0.38837131074640396,0.0,0.0,1.0,0.0,0.0,1.0,0.0,0.0,0.0,0.0,1.0,0.0,0.0,0.0,1.0,0.0,0.0,0.0,0.0,1.0,0.0,0.20409779301451272,0.175994212038674,0.3832189093748334,0.23668908557197996,0.0,0.0,0.0,1.0,0.0,0.0,0.4814899443818493,0.5185100556181507,1.0,0.0,0.0,0.0,0.0,0.0,0.0,1.0,0.0,0.0,0.0,1.0,0.2229445561586354,0.0,0.4986313870325708,0.27842405680879384,0.25095180731142286,0.0,0.6461011477024313,0.10294704498614583,0.0,0.0,1.0,0.0,1.0,0.0,0.0,0.0
30,10,[5 0],0,5.0,0.0,0.5185100556181507,0.4814899443818493,0.0,0.159686461237614,0.45194222801598205,0.38837131074640396,0.0,0.0,1.0,0.0,0.0,1.0,0.0,0.0,0.0,0.0,1.0,0.0,0.0,0.0,1.0,0.0,0.0,0.0,0.0,1.0,0.0,0.20409779301451272,0.175994212038674,0.3832189093748334,0.23668908557197996,0.0,0.0,0.0,1.0,0.0,0.0,0.48148994438184933,0.5185100556181507,1.0,0.0,0.0,0.0,0.0,0.0,0.0,1.0,0.0,0.0,0.0,1.0,0.22294455615863543,0.0,0.4986313870325708,0.27842405680879384,1.0,0.0,0.0,0.0,0.0,0.0,1.0,0.0,1.0,0.0,0.0,0.0
31,10,[5 0],0,5.0,0.0,0.5185100556181507,0.4814899443818493,0.0,0.159686461237614,0.45194222801598205,0.38837131074640396,0.0,0.0,1.0,0.0,0.0,1.0,0.0,0.0,0.0,0.0,1.0,0.0,0.0,0.0,1.0,0.0,0.0,0.0,0.0,1.0,0.0,0.20409779301451272,0.175994212038674,0.3832189093748334,0.23668908557197996,0.0,0.0,0.0,1.0,0.0,0.0,0.48148994438184933,0.5185100556181507,1.0,0.0,0.0,0.0,0.0,0.0,0.0,1.0,0.0,0.0,0.0,1.0,0.2229445561586354,0.0,0.4986313870325707,0.2784240568087938,1.0,0.0,0.0,0.0,0.0,0.0,1.0,0.0,1.0,0.0,0.0,0.0
32,9,[5 0],0,5.0,0.0,0.5185100556181507,0.4814899443818493,0.0,0.159686461237614,0.45194222801598205,0.38837131074640396,0.0,0.0,1.0,0.0,0.0,1.0,0.0,0.0,0.0,0.0,1.0,0.0,0.0,0.0,1.0,0.0,0.0,0.0,0.0,1.0,0.0,0.20409779301451272,0.175994212038674,0.3832189093748334,0.23668908557197996,0.0,0.0,0.0,1.0,0.0,0.0,0.48148994438184933,0.5185100556181507,1.0,0.0,0.0,0.0,0.0,0.0,0.0,1.0,0.0,0.0,0.0,1.0,0.22294455615863545,0.0,0.49863138703257076,0.27842405680879384,0.22974619577296826,0.0,0.676005859950286,0.0942479442767458,0.0,0.0,1.0,0.0,1.0,0.0,0.0,0.0
33,9,[5 0],0,5.0,0.0,0.5185100556181507,0.4814899443818493,0.0,0.159686461237614,0.45194222801598205,0.38837131074640396,0.0,0.0,1.0,0.0,0.0,1.0,0.0,0.0,0.0,0.0,1.0,0.0,0.0,0.0,1.0,0.0,0.0,0.0,0.0,1.0,0.0,0.20409779301451272,0.175994212038674,0.3832189093748334,0.23668908557197996,0.0,0.0,0.0,1.0,0.0,0.0,0.48148994438184933,0.5185100556181507,1.0,0.0,0.0,0.0,0.0,0.0,0.0,1.0,0.0,0.0,0.0,1.0,0.22294455615863548,0.0,0.49863138703257076,0.27842405680879384,0.22974619577296826,0.0,0.676005859950286,0.0942479442767458,0.0,0.0,1.0,0.0,1.0,0.0,0.0,0.0
34,9,[5 0],0,5.0,0.0,0.5185100556181507,0.4814899443818493,0.0,0.159686461237614,0.45194222801598205,0.38837131074640396,0.0,0.0,1.0,0.0,0.0,1.0,0.0,0.0,0.0,0.0,1.0,0.0,0.0,0.0,1.0,0.0,0.0,0.0,0.0,1.0,0.0,0.20409779301451272,0.175994212038674,0.3832189093748334,0.23668908557197996,0.0,0.0,0.0,1.0,0.0,0.0,0.48148994438184933,0.5185100556181507,1.0,0.0,0.0,0.0,0.0,0.0,0.0,1.0,0.0,0.0,0.0,1.0,0.2229445561586355,0.0,0.4986313870325707,0.27842405680879384,0.22974619577296826,0.0,0.676005859950286,0.0942479442767458,0.0,0.0,1.0,0.0,1.0,0.0,0.0,0.0
35,14,[5 0],0,5.0,0.0,0.5185100556181507,0.4814899443818493,0.0,0.159686461237614,0.45194222801598205,0.38837131074640396,0.0,0.0,1.0,0.0,0.0,1.0,0.0,0.0,0.0,0.0,1.0,0.0,0.0,0.0,1.0,0.0,0.0,0.0,0.0,1.0,0.0,0.20409779301451272,0.175994212038674,0.3832189093748334,0.23668908557197996,0.0,0.0,0.0,1.0,0.0,0.0,0.48148994438184933,0.5185100556181507,1.0,0.0,0.0,0.0,0.0,0.0,0.0,1.0,0.0,0.0,0.0,1.0,0.22294455615863548,0.0,0.49863138703257065,0.27842405680879384,0.0,0.0,1.0,0.0,0.0,0.0,1.0,0.0,1.0,0.0,0.0,0.0
36,9,[5 0],0,5.0,0.0,0.5185100556181507,0.4814899443818493,0.0,0.159686461237614,0.45194222801598205,0.38837131074640396,0.0,0.0,1.0,0.0,0.0,1.0,0.0,0.0,0.0,0.0,1.0,0.0,0.0,0.0,1.0,0.0,0.0,0.0,0.0,1.0,0.0,0.20409779301451272,0.175994212038674,0.3832189093748334,0.23668908557197996,0.0,0.0,0.0,1.0,0.0,0.0,0.48148994438184933,0.5185100556181507,1.0,0.0,0.0,0.0,0.0,0.0,0.0,1.0,0.0,0.0,0.0,1.0,0.2229445561586355,0.0,0.4986313870325706,0.27842405680879384,0.25320741766826443,0.0,0.6554153436869745,0.09137723864476101,0.0,0.0,1.0,0.0,1.0,0.0,0.0,0.0
37,10,[5 0],0,5.0,0.0,0.5185100556181507,0.4814899443818493,0.0,0.159686461237614,0.45194222801598205,0.38837131074640396,0.0,0.0,1.0,0.0,0.0,1.0,0.0,0.0,0.0,0.0,1.0,0.0,0.0,0.0,1.0,0.0,0.0,0.0,0.0,1.0,0.0,0.20409779301451272,0.175994212038674,0.3832189093748334,0.23668908557197996,0.0,0.0,0.0,1.0,0.0,0.0,0.4814899443818494,0.5185100556181507,1.0,0.0,0.0,0.0,0.0,0.0,0.0,1.0,0.0,0.0,0.0,1.0,0.22294455615863554,0.0,0.49863138703257065,0.27842405680879384,1.0,0.0,0.0,0.0,0.0,0.0,1.0,0.0,1.0,0.0,0.0,0.0
38,9,[5 0],0,5.0,0.0,0.5185100556181507,0.4814899443818493,0.0,0.159686461237614,0.45194222801598205,0.38837131074640396,0.0,0.0,1.0,0.0,0.0,1.0,0.0,0.0,0.0,0.0,1.0,0.0,0.0,0.0,1.0,0.0,0.0,0.0,0.0,1.0,0.0,0.20409779301451272,0.175994212038674,0.3832189093748334,0.23668908557197996,0.0,0.0,0.0,1.0,0.0,0.0,0.4814899443818494,0.5185100556181507,1.0,0.0,0.0,0.0,0.0,0.0,0.0,1.0,0.0,0.0,0.0,1.0,0.22294455615863557,0.0,0.49863138703257065,0.27842405680879384,0.24324332951731714,0.0,0.6689752619649816,0.08778140851770126,0.0,0.0,1.0,0.0,1.0,0.0,0.0,0.0
39,14,[5 0],0,5.0,0.0,0.5185100556181507,0.4814899443818493,0.0,0.159686461237614,0.45194222801598205,0.38837131074640396,0.0,0.0,1.0,0.0,0.0,1.0,0.0,0.0,0.0,0.0,1.0,0.0,0.0,0.0,1.0,0.0,0.0,0.0,0.0,1.0,0.0,0.20409779301451272,0.175994212038674,0.3832189093748334,0.23668908557197996,0.0,0.0,0.0,1.0,0.0,0.0,0.48148994438184933,0.5185100556181506,1.0,0.0,0.0,0.0,0.0,0.0,0.0,1.0,0.0,0.0,0.0,1.0,0.22294455615863554,0.0,0.49863138703257054,0.27842405680879384,0.0,0.0,1.0,0.0,0.0,0.0,1.0,0.0,1.0,0.0,0.0,0.0
40,14,[5 0],0,5.0,0.0,0.5185100556181507,0.4814899443818493,0.0,0.159686461237614,0.45194222801598205,0.38837131074640396,0.0,0.0,1.0,0.0,0.0,1.0,0.0,0.0,0.0,0.0,1.0,0.0,0.0,0.0,1.0,0.0,0.0,0.0,0.0,1.0,0.0,0.20409779301451272,0.175994212038674,0.3832189093748334,0.23668908557197996,0.0,0.0,0.0,1.0,0.0,0.0,0.4814899443818494,0.5185100556181507,1.0,0.0,0.0,0.0,0.0,0.0,0.0,1.0,0.0,0.0,0.0,1.0,0.2229445561586356,0.0,0.4986313870325706,0.2784240568087939,0.0,0.0,1.0,0.0,0.0,0.0,1.0,0.0,1.0,0.0,0.0,0.0
41,9,[5 0],0,5.0,0.0,0.5185100556181507,0.4814899443818493,0.0,0.159686461237614,0.45194222801598205,0.38837131074640396,0.0,0.0,1.0,0.0,0.0,1.0,0.0,0.0,0.0,0.0,1.0,0.0,0.0,0.0,1.0,0.0,0.0,0.0,0.0,1.0,0.0,0.20409779301451272,0.175994212038674,0.3832189093748334,0.23668908557197996,0.0,0.0,0.0,1.0,0.0,0.0,0.48148994438184944,0.5185100556181507,1.0,0.0,0.0,0.0,0.0,0.0,0.0,1.0,0.0,0.0,0.0,1.0,0.2229445561586356,0.0,0.4986313870325706,0.2784240568087939,0.285081057358048,0.0,0.6319905797891104,0.08292836285284164,0.0,0.0,1.0,0.0,1.0,0.0,0.0,0.0
42,9,[5 0],0,5.0,0.0,0.5185100556181507,0.4814899443818493,0.0,0.159686461237614,0.45194222801598205,0.38837131074640396,0.0,0.0,1.0,0.0,0.0,1.0,0.0,0.0,0.0,0.0,1.0,0.0,0.0,0.0,1.0,0.0,0.0,0.0,0.0,1.0,0.0,0.20409779301451272,0.175994212038674,0.3832189093748334,0.23668908557197996,0.0,0.0,0.0,1.0,0.0,0.0,0.4814899443818494,0.5185100556181506,1.0,0.0,0.0,0.0,0.0,0.0,0.0,1.0,0.0,0.0,0.0,1.0,0.2229445561586356,0.0,0.4986313870325706,0.2784240568087939,0.285081057358048,0.0,0.6319905797891104,0.08292836285284164,0.0,0.0,1.0,0.0,1.0,0.0,0.0,0.0
43,9,[5 0],0,5.0,0.0,0.5185100556181507,0.4814899443818493,0.0,0.159686461237614,0.45194222801598205,0.38837131074640396,0.0,0.0,1.0,0.0,0.0,1.0,0.0,0.0,0.0,0.0,1.0,0.0,0.0,0.0,1.0,0.0,0.0,0.0,0.0,1.0,0.0,0.20409779301451272,0.175994212038674,0.3832189093748334,0.23668908557197996,0.0,0.0,0.0,1.0,0.0,0.0,0.48148994438184933,0.5185100556181506,1.0,0.0,0.0,0.0,0.0,0.0,0.0,1.0,0.0,0.0,0.0,1.0,0.2229445561586356,0.0,0.4986313870325705,0.27842405680879384,0.285081057358048,0.0,0.6319905797891104,0.08292836285284164,0.0,0.0,1.0,0.0,1.0,0.0,0.0,0.0
44,9,[5 0],0,5.0,0.0,0.5185100556181507,0.4814899443818493,0.0,0.159686461237614,0.45194222801598205,0.38837131074640396,0.0,0.0,1.0,0.0,0.0,1.0,0.0,0.0,0.0,0.0,1.0,0.0,0.0,0.0,1.0,0.0,0.0,0.0,0.0,1.0,0.0,0.20409779301451272,0.175994212038674,0.3832189093748334,0.23668908557197996,0.0,0.0,0.0,1.0,0.0,0.0,0.4814899443818494,0.5185100556181506,1.0,0.0,0.0,0.0,0.0,0.0,0.0,1.0,0.0,0.0,0.0,1.0,0.2229445561586356,0.0,0.4986313870325705,0.27842405680879384,0.285081057358048,0.0,0.6319905797891104,0.08292836285284164,0.0,0.0,1.0,0.0,1.0,0.0,0.0,0.0
45,9,[5 0],0,5.0,0.0,0.5185100556181507,0.4814899443818493,0.0,0.159686461237614,0.45194222801598205,0.38837131074640396,0.0,0.0,1.0,0.0,0.0,1.0,0.0,0.0,0.0,0.0,1.0,0.0,0.0,0.0,1.0,0.0,0.0,0.0,0.0,1.0,0.0,0.20409779301451272,0.175994212038674,0.3832189093748334,0.23668908557197996,0.0,0.0,0.0,1.0,0.0,0.0,0.48148994438184944,0.5185100556181507,1.0,0.0,0.0,0.0,0.0,0.0,0.0,1.0,0.0,0.0,0.0,1.0,0.22294455615863562,0.0,0.49863138703257054,0.27842405680879384,0.285081057358048,0.0,0.6319905797891104,0.08292836285284164,0.0,0.0,1.0,0.0,1.0,0.0,0.0,0.0
46,9,[5 0],0,5.0,0.0,0.5185100556181507,0.4814899443818493,0.0,0.159686461237614,0.45194222801598205,0.38837131074640396,0.0,0.0,1.0,0.0,0.0,1.0,0.0,0.0,0.0,0.0,1.0,0.0,0.0,0.0,1.0,0.0,0.0,0.0,0.0,1.0,0.0,0.20409779301451272,0.175994212038674,0.3832189093748334,0.23668908557197996,0.0,0.0,0.0,1.0,0.0,0.0,0.4814899443818494,0.5185100556181506,1.0,0.0,0.0,0.0,0.0,0.0,0.0,1.0,0.0,0.0,0.0,1.0,0.22294455615863565,0.0,0.49863138703257054,0.27842405680879384,0.285081057358048,0.0,0.6319905797891104,0.08292836285284164,0.0,0.0,1.0,0.0,1.0,0.0,0.0,0.0
47,9,[5 0],0,5.0,0.0,0.5185100556181507,0.4814899443818493,0.0,0.159686461237614,0.45194222801598205,0.38837131074640396,0.0,0.0,1.0,0.0,0.0,1.0,0.0,0.0,0.0,0.0,1.0,0.0,0.0,0.0,1.0,0.0,0.0,0.0,0.0,1.0,0.0,0.20409779301451272,0.175994212038674,0.3832189093748334,0.23668908557197996,0.0,0.0,0.0,1.0,0.0,0.0,0.4814899443818494,0.5185100556181506,1.0,0.0,0.0,0.0,0.0,0.0,0.0,1.0,0.0,0.0,0.0,1.0,0.22294455615863565,0.0,0.49863138703257054,0.2784240568087938,0.285081057358048,0.0,0.6319905797891104,0.08292836285284164,0.0,0.0,1.0,0.0,1.0,0.0,0.0,0.0
48,9,[5 0],0,5.0,0.0,0.5185100556181507,0.4814899443818493,0.0,0.159686461237614,0.45194222801598205,0.38837131074640396,0.0,0.0,1.0,0.0,0.0,1.0,0.0,0.0,0.0,0.0,1.0,0.0,0.0,0.0,1.0,0.0,0.0,0.0,0.0,1.0,0.0,0.20409779301451272,0.175994212038674,0.3832189093748334,0.23668908557197996,0.0,0.0,0.0,1.0,0.0,0.0,0.48148994438184944,0.5185100556181506,1.0,0.0,0.0,0.0,0.0,0.0,0.0,1.0,0.0,0.0,0.0,1.0,0.2229445561586357,0.0,0.49863138703257065,0.27842405680879384,0.285081057358048,0.0,0.6319905797891104,0.08292836285284164,0.0,0.0,1.0,0.0,1.0,0.0,0.0,0.0
49,9,[5 0],0,5.0,0.0,0.5185100556181507,0.4814899443818493,0.0,0.159686461237614,0.45194222801598205,0.38837131074640396,0.0,0.0,1.0,0.0,0.0,1.0,0.0,0.0,0.0,0.0,1.0,0.0,0.0,0.0,1.0,0.0,0.0,0.0,0.0,1.0,0.0,0.20409779301451272,0.175994212038674,0.3832189093748334,0.23668908557197996,0.0,0.0,0.0,1.0,0.0,0.0,0.48148994438184944,0.5185100556181507,1.0,0.0,0.0,0.0,0.0,0.0,0.0,1.0,0.0,0.0,0.0,1.0,0.2229445561586357,0.0,0.49863138703257054,0.2784240568087938,0.285081057358048,0.0,0.6319905797891104,0.08292836285284164,0.0,0.0,1.0,0.0,1.0,0.0,0.0,0.0
50,9,[5 0],0,5.0,0.0,0.5185100556181507,0.4814899443818493,0.0,0.159686461237614,0.45194222801598205,0.38837131074640396,0.0,0.0,1.0,0.0,0.0,1.0,0.0,0.0,0.0,0.0,1.0,0.0,0.0,0.0,1.0,0.0,0.0,0.0,0.0,1.0,0.0,0.20409779301451272,0.175994212038674,0.3832189093748334,0.23668908557197996,0.0,0.0,0.0,1.0,0.0,0.0,0.48148994438184944,0.5185100556181506,1.0,0.0,0.0,0.0,0.0,0.0,0.0,1.0,0.0,0.0,0.0,1.0,0.22294455615863568,0.0,0.49863138703257054,0.27842405680879373,0.285081057358048,0.0,0.6319905797891104,0.08292836285284164,0.0,0.0,1.0,0.0,1.0,0.0,0.0,0.0
51,14,[5 0],0,5.0,0.0,0.5185100556181507,0.4814899443818493,0.0,0.159686461237614,0.45194222801598205,0.38837131074640396,0.0,0.0,1.0,0.0,0.0,1.0,0.0,0.0,0.0,0.0,1.0,0.0,0.0,0.0,1.0,0.0,0.0,0.0,0.0,1.0,0.0,0.20409779301451272,0.175994212038674,0.3832189093748334,0.23668908557197996,0.0,0.0,0.0,1.0,0.0,0.0,0.4814899443818494,0.5185100556181506,1.0,0.0,0.0,0.0,0.0,0.0,0.0,1.0,0.0,0.0,0.0,1.0,0.22294455615863565,0.0,0.49863138703257054,0.2784240568087937,0.0,0.0,1.0,0.0,0.0,0.0,1.0,0.0,1.0,0.0,0.0,0.0
52,9,[5 0],0,5.0,0.0,0.5185100556181507,0.4814899443818493,0.0,0.159686461237614,0.45194222801598205,0.38837131074640396,0.0,0.0,1.0,0.0,0.0,1.0,0.0,0.0,0.0,0.0,1.0,0.0,0.0,0.0,1.0,0.0,0.0,0.0,0.0,1.0,0.0,0.20409779301451272,0.175994212038674,0.3832189093748334,0.23668908557197996,0.0,0.0,0.0,1.0,0.0,0.0,0.48148994438184944,0.5185100556181506,1.0,0.0,0.0,0.0,0.0,0.0,0.0,1.0,0.0,0.0,0.0,1.0,0.22294455615863568,0.0,0.49863138703257065,0.2784240568087937,0.30431181802058876,0.0,0.6149905272572926,0.08069765472211857,0.0,0.0,1.0,0.0,1.0,0.0,0.0,0.0
53,9,[5 0],0,5.0,0.0,0.5185100556181507,0.4814899443818493,0.0,0.159686461237614,0.45194222801598205,0.38837131074640396,0.0,0.0,1.0,0.0,0.0,1.0,0.0,0.0,0.0,0.0,1.0,0.0,0.0,0.0,1.0,0.0,0.0,0.0,0.0,1.0,0.0,0.20409779301451272,0.175994212038674,0.3832189093748334,0.23668908557197996,0.0,0.0,0.0,1.0,0.0,0.0,0.4814899443818495,0.5185100556181506,1.0,0.0,0.0,0.0,0.0,0.0,0.0,1.0,0.0,0.0,0.0,1.0,0.2229445561586357,0.0,0.4986313870325707,0.2784240568087937,0.30431181802058876,0.0,0.6149905272572926,0.08069765472211857,0.0,0.0,1.0,0.0,1.0,0.0,0.0,0.0
54,9,[5 0],0,5.0,0.0,0.5185100556181507,0.4814899443818493,0.0,0.159686461237614,0.45194222801598205,0.38837131074640396,0.0,0.0,1.0,0.0,0.0,1.0,0.0,0.0,0.0,0.0,1.0,0.0,0.0,0.0,1.0,0.0,0.0,0.0,0.0,1.0,0.0,0.20409779301451272,0.175994212038674,0.3832189093748334,0.23668908557197996,0.0,0.0,0.0,1.0,0.0,0.0,0.48148994438184944,0.5185100556181506,1.0,0.0,0.0,0.0,0.0,0.0,0.0,1.0,0.0,0.0,0.0,1.0,0.2229445561586357,0.0,0.4986313870325707,0.2784240568087936,0.30431181802058876,0.0,0.6149905272572926,0.08069765472211857,0.0,0.0,1.0,0.0,1.0,0.0,0.0,0.0
55,9,[5 0],0,5.0,0.0,0.5185100556181507,0.4814899443818493,0.0,0.159686461237614,0.45194222801598205,0.38837131074640396,0.0,0.0,1.0,0.0,0.0,1.0,0.0,0.0,0.0,0.0,1.0,0.0,0.0,0.0,1.0,0.0,0.0,0.0,0.0,1.0,0.0,0.20409779301451272,0.175994212038674,0.3832189093748334,0.23668908557197996,0.0,0.0,0.0,1.0,0.0,0.0,0.4814899443818494,0.5185100556181506,1.0,0.0,0.0,0.0,0.0,0.0,0.0,1.0,0.0,0.0,0.0,1.0,0.22294455615863565,0.0,0.4986313870325707,0.2784240568087936,0.30431181802058876,0.0,0.6149905272572926,0.08069765472211857,0.0,0.0,1.0,0.0,1.0,0.0,0.0,0.0
56,9,[5 0],0,5.0,0.0,0.5185100556181507,0.4814899443818493,0.0,0.159686461237614,0.45194222801598205,0.38837131074640396,0.0,0.0,1.0,0.0,0.0,1.0,0.0,0.0,0.0,0.0,1.0,0.0,0.0,0.0,1.0,0.0,0.0,0.0,0.0,1.0,0.0,0.20409779301451272,0.175994212038674,0.3832189093748334,0.23668908557197996,0.0,0.0,0.0,1.0,0.0,0.0,0.48148994438184944,0.5185100556181506,1.0,0.0,0.0,0.0,0.0,0.0,0.0,1.0,0.0,0.0,0.0,1.0,0.22294455615863562,0.0,0.4986313870325707,0.27842405680879356,0.30431181802058876,0.0,0.6149905272572926,0.08069765472211857,0.0,0.0,1.0,0.0,1.0,0.0,0.0,0.0
57,9,[5 0],0,5.0,0.0,0.5185100556181507,0.4814899443818493,0.0,0.159686461237614,0.45194222801598205,0.38837131074640396,0.0,0.0,1.0,0.0,0.0,1.0,0.0,0.0,0.0,0.0,1.0,0.0,0.0,0.0,1.0,0.0,0.0,0.0,0.0,1.0,0.0,0.20409779301451272,0.175994212038674,0.3832189093748334,0.23668908557197996,0.0,0.0,0.0,1.0,0.0,0.0,0.4814899443818495,0.5185100556181506,1.0,0.0,0.0,0.0,0.0,0.0,0.0,1.0,0.0,0.0,0.0,1.0,0.22294455615863562,0.0,0.49863138703257076,0.27842405680879356,0.30431181802058876,0.0,0.6149905272572926,0.08069765472211857,0.0,0.0,1.0,0.0,1.0,0.0,0.0,0.0
58,11,[5 0],0,5.0,0.0,0.5185100556181507,0.4814899443818493,0.0,0.159686461237614,0.45194222801598205,0.38837131074640396,0.0,0.0,1.0,0.0,0.0,1.0,0.0,0.0,0.0,0.0,1.0,0.0,0.0,0.0,1.0,0.0,0.0,0.0,0.0,1.0,0.0,0.20409779301451272,0.175994212038674,0.3832189093748334,0.23668908557197996,0.0,0.0,0.0,1.0,0.0,0.0,0.48148994438184944,0.5185100556181506,1.0,0.0,0.0,0.0,0.0,0.0,0.0,1.0,0.0,0.0,0.0,1.0,0.22294455615863562,0.0,0.4986313870325708,0.27842405680879356,0.2859023491752157,0.0,0.7140976508247844,0.0,0.0,0.0,1.0,0.0,1.0,0.0,0.0,0.0
59,13,[5 0],0,5.0,0.0,0.5185100556181507,0.4814899443818493,0.0,0.159686461237614,0.45194222801598205,0.38837131074640396,0.0,0.0,1.0,0.0,0.0,1.0,0.0,0.0,0.0,0.0,1.0,0.0,0.0,0.0,1.0,0.0,0.0,0.0,0.0,1.0,0.0,0.20409779301451272,0.175994212038674,0.3832189093748334,0.23668908557197996,0.0,0.0,0.0,1.0,0.0,0.0,0.48148994438184944,0.5185100556181506,1.0,0.0,0.0,0.0,0.0,0.0,0.0,1.0,0.0,0.0,0.0,1.0,0.2229445561586356,0.0,0.4986313870325708,0.2784240568087935,0.0,0.0,1.0,0.0,0.0,0.0,1.0,0.0,1.0,0.0,0.0,0.0
60,9,[5 0],0,5.0,0.0,0.5185100556181507,0.4814899443818493,0.0,0.159686461237614,0.45194222801598205,0.38837131074640396,0.0,0.0,1.0,0.0,0.0,1.0,0.0,0.0,0.0,0.0,1.0,0.0,0.0,0.0,1.0,0.0,0.0,0.0,0.0,1.0,0.0,0.20409779301451272,0.175994212038674,0.3832189093748334,0.23668908557197996,0.0,0.0,0.0,1.0,0.0,0.0,0.48148994438184944,0.5185100556181506,1.0,0.0,0.0,0.0,0.0,0.0,0.0,1.0,0.0,0.0,0.0,1.0,0.22294455615863557,0.0,0.4986313870325708,0.2784240568087935,0.30431181802058876,0.0,0.6149905272572926,0.08069765472211857,0.0,0.0,1.0,0.0,1.0,0.0,0.0,0.0
61,11,[5 0],0,5.0,0.0,0.5185100556181507,0.4814899443818493,0.0,0.159686461237614,0.45194222801598205,0.38837131074640396,0.0,0.0,1.0,0.0,0.0,1.0,0.0,0.0,0.0,0.0,1.0,0.0,0.0,0.0,1.0,0.0,0.0,0.0,0.0,1.0,0.0,0.20409779301451272,0.175994212038674,0.3832189093748334,0.23668908557197996,0.0,0.0,0.0,1.0,0.0,0.0,0.4814899443818495,0.5185100556181506,1.0,0.0,0.0,0.0,0.0,0.0,0.0,1.0,0.0,0.0,0.0,1.0,0.22294455615863557,0.0,0.49863138703257087,0.2784240568087935,0.2859023491752157,0.0,0.7140976508247844,0.0,0.0,0.0,1.0,0.0,1.0,0.0,0.0,0.0
62,9,[5 0],0,5.0,0.0,0.5185100556181507,0.4814899443818493,0.0,0.159686461237614,0.45194222801598205,0.38837131074640396,0.0,0.0,1.0,0.0,0.0,1.0,0.0,0.0,0.0,0.0,1.0,0.0,0.0,0.0,1.0,0.0,0.0,0.0,0.0,1.0,0.0,0.20409779301451272,0.175994212038674,0.3832189093748334,0.23668908557197996,0.0,0.0,0.0,1.0,0.0,0.0,0.48148994438184944,0.5185100556181506,1.0,0.0,0.0,0.0,0.0,0.0,0.0,1.0,0.0,0.0,0.0,1.0,0.22294455615863557,0.0,0.498631387032571,0.2784240568087935,0.30431181802058876,0.0,0.6149905272572926,0.08069765472211857,0.0,0.0,1.0,0.0,1.0,0.0,0.0,0.0
63,11,[5 0],0,5.0,0.0,0.5185100556181507,0.4814899443818493,0.0,0.159686461237614,0.45194222801598205,0.38837131074640396,0.0,0.0,1.0,0.0,0.0,1.0,0.0,0.0,0.0,0.0,1.0,0.0,0.0,0.0,1.0,0.0,0.0,0.0,0.0,1.0,0.0,0.20409779301451272,0.175994212038674,0.3832189093748334,0.23668908557197996,0.0,0.0,0.0,1.0,0.0,0.0,0.48148994438184944,0.5185100556181506,1.0,0.0,0.0,0.0,0.0,0.0,0.0,1.0,0.0,0.0,0.0,1.0,0.22294455615863554,0.0,0.4986313870325709,0.27842405680879345,0.2859023491752157,0.0,0.7140976508247844,0.0,0.0,0.0,1.0,0.0,1.0,0.0,0.0,0.0
64,9,[5 0],0,5.0,0.0,0.5185100556181507,0.4814899443818493,0.0,0.159686461237614,0.45194222801598205,0.38837131074640396,0.0,0.0,1.0,0.0,0.0,1.0,0.0,0.0,0.0,0.0,1.0,0.0,0.0,0.0,1.0,0.0,0.0,0.0,0.0,1.0,0.0,0.20409779301451272,0.175994212038674,0.3832189093748334,0.23668908557197996,0.0,0.0,0.0,1.0,0.0,0.0,0.48148994438184944,0.5185100556181506,1.0,0.0,0.0,0.0,0.0,0.0,0.0,1.0,0.0,0.0,0.0,1.0,0.2229445561586355,0.0,0.4986313870325709,0.27842405680879345,0.30431181802058876,0.0,0.6149905272572926,0.08069765472211857,0.0,0.0,1.0,0.0,1.0,0.0,0.0,0.0
65,10,[5 0],0,5.0,0.0,0.5185100556181507,0.4814899443818493,0.0,0.159686461237614,0.45194222801598205,0.38837131074640396,0.0,0.0,1.0,0.0,0.0,1.0,0.0,0.0,0.0,0.0,1.0,0.0,0.0,0.0,1.0,0.0,0.0,0.0,0.0,1.0,0.0,0.20409779301451272,0.175994212038674,0.3832189093748334,0.23668908557197996,0.0,0.0,0.0,1.0,0.0,0.0,0.4814899443818495,0.5185100556181506,1.0,0.0,0.0,0.0,0.0,0.0,0.0,1.0,0.0,0.0,0.0,1.0,0.2229445561586355,0.0,0.498631387032571,0.27842405680879345,1.0,0.0,0.0,0.0,0.0,0.0,1.0,0.0,1.0,0.0,0.0,0.0
66,9,[5 0],0,5.0,0.0,0.5185100556181507,0.4814899443818493,0.0,0.159686461237614,0.45194222801598205,0.38837131074640396,0.0,0.0,1.0,0.0,0.0,1.0,0.0,0.0,0.0,0.0,1.0,0.0,0.0,0.0,1.0,0.0,0.0,0.0,0.0,1.0,0.0,0.20409779301451272,0.175994212038674,0.3832189093748334,0.23668908557197996,0.0,0.0,0.0,1.0,0.0,0.0,0.48148994438184944,0.5185100556181506,1.0,0.0,0.0,0.0,0.0,0.0,0.0,1.0,0.0,0.0,0.0,1.0,0.2229445561586355,0.0,0.49863138703257104,0.27842405680879345,0.2936874077987658,0.0,0.6284323271989221,0.07788026500231213,0.0,0.0,1.0,0.0,1.0,0.0,0.0,0.0
67,9,[5 0],0,5.0,0.0,0.5185100556181507,0.4814899443818493,0.0,0.159686461237614,0.45194222801598205,0.38837131074640396,0.0,0.0,1.0,0.0,0.0,1.0,0.0,0.0,0.0,0.0,1.0,0.0,0.0,0.0,1.0,0.0,0.0,0.0,0.0,1.0,0.0,0.20409779301451272,0.175994212038674,0.3832189093748334,0.23668908557197996,0.0,0.0,0.0,1.0,0.0,0.0,0.48148994438184944,0.5185100556181504,1.0,0.0,0.0,0.0,0.0,0.0,0.0,1.0,0.0,0.0,0.0,1.0,0.22294455615863548,0.0,0.49863138703257104,0.2784240568087934,0.2936874077987658,0.0,0.6284323271989221,0.07788026500231213,0.0,0.0,1.0,0.0,1.0,0.0,0.0,0.0
68,9,[5 0],0,5.0,0.0,0.5185100556181507,0.4814899443818493,0.0,0.159686461237614,0.45194222801598205,0.38837131074640396,0.0,0.0,1.0,0.0,0.0,1.0,0.0,0.0,0.0,0.0,1.0,0.0,0.0,0.0,1.0,0.0,0.0,0.0,0.0,1.0,0.0,0.20409779301451272,0.175994212038674,0.3832189093748334,0.23668908557197996,0.0,0.0,0.0,1.0,0.0,0.0,0.48148994438184944,0.5185100556181506,1.0,0.0,0.0,0.0,0.0,0.0,0.0,1.0,0.0,0.0,0.0,1.0,0.22294455615863545,0.0,0.49863138703257104,0.2784240568087934,0.2936874077987658,0.0,0.6284323271989221,0.07788026500231213,0.0,0.0,1.0,0.0,1.0,0.0,0.0,0.0
69,9,[5 0],0,5.0,0.0,0.5185100556181507,0.4814899443818493,0.0,0.159686461237614,0.45194222801598205,0.38837131074640396,0.0,0.0,1.0,0.0,0.0,1.0,0.0,0.0,0.0,0.0,1.0,0.0,0.0,0.0,1.0,0.0,0.0,0.0,0.0,1.0,0.0,0.20409779301451272,0.175994212038674,0.3832189093748334,0.23668908557197996,0.0,0.0,0.0,1.0,0.0,0.0,0.4814899443818495,0.5185100556181506,1.0,0.0,0.0,0.0,0.0,0.0,0.0,1.0,0.0,0.0,0.0,1.0,0.22294455615863548,0.0,0.4986313870325711,0.2784240568087934,0.2936874077987658,0.0,0.6284323271989221,0.07788026500231213,0.0,0.0,1.0,0.0,1.0,0.0,0.0,0.0
70,9,[5 0],0,5.0,0.0,0.5185100556181507,0.4814899443818493,0.0,0.159686461237614,0.45194222801598205,0.38837131074640396,0.0,0.0,1.0,0.0,0.0,1.0,0.0,0.0,0.0,0.0,1.0,0.0,0.0,0.0,1.0,0.0,0.0,0.0,0.0,1.0,0.0,0.20409779301451272,0.175994212038674,0.3832189093748334,0.23668908557197996,0.0,0.0,0.0,1.0,0.0,0.0,0.4814899443818495,0.5185100556181506,1.0,0.0,0.0,0.0,0.0,0.0,0.0,1.0,0.0,0.0,0.0,1.0,0.22294455615863548,0.0,0.49863138703257115,0.2784240568087934,0.2936874077987658,0.0,0.6284323271989221,0.07788026500231213,0.0,0.0,1.0,0.0,1.0,0.0,0.0,0.0
71,9,[5 0],0,5.0,0.0,0.5185100556181507,0.4814899443818493,0.0,0.159686461237614,0.45194222801598205,0.38837131074640396,0.0,0.0,1.0,0.0,0.0,1.0,0.0,0.0,0.0,0.0,1.0,0.0,0.0,0.0,1.0,0.0,0.0,0.0,0.0,1.0,0.0,0.20409779301451272,0.175994212038674,0.3832189093748334,0.23668908557197996,0.0,0.0,0.0,1.0,0.0,0.0,0.48148994438184944,0.5185100556181504,1.0,0.0,0.0,0.0,0.0,0.0,0.0,1.0,0.0,0.0,0.0,1.0,0.22294455615863545,0.0,0.49863138703257115,0.2784240568087934,0.2936874077987658,0.0,0.6284323271989221,0.07788026500231213,0.0,0.0,1.0,0.0,1.0,0.0,0.0,0.0
72,9,[5 0],0,5.0,0.0,0.5185100556181507,0.4814899443818493,0.0,0.159686461237614,0.45194222801598205,0.38837131074640396,0.0,0.0,1.0,0.0,0.0,1.0,0.0,0.0,0.0,0.0,1.0,0.0,0.0,0.0,1.0,0.0,0.0,0.0,0.0,1.0,0.0,0.20409779301451272,0.175994212038674,0.3832189093748334,0.23668908557197996,0.0,0.0,0.0,1.0,0.0,0.0,0.4814899443818495,0.5185100556181506,1.0,0.0,0.0,0.0,0.0,0.0,0.0,1.0,0.0,0.0,0.0,1.0,0.22294455615863543,0.0,0.49863138703257115,0.27842405680879334,0.2936874077987658,0.0,0.6284323271989221,0.07788026500231213,0.0,0.0,1.0,0.0,1.0,0.0,0.0,0.0
73,9,[5 0],0,5.0,0.0,0.5185100556181507,0.4814899443818493,0.0,0.159686461237614,0.45194222801598205,0.38837131074640396,0.0,0.0,1.0,0.0,0.0,1.0,0.0,0.0,0.0,0.0,1.0,0.0,0.0,0.0,1.0,0.0,0.0,0.0,0.0,1.0,0.0,0.20409779301451272,0.175994212038674,0.3832189093748334,0.23668908557197996,0.0,0.0,0.0,1.0,0.0,0.0,0.4814899443818495,0.5185100556181506,1.0,0.0,0.0,0.0,0.0,0.0,0.0,1.0,0.0,0.0,0.0,1.0,0.22294455615863543,0.0,0.4986313870325712,0.27842405680879334,0.2936874077987658,0.0,0.6284323271989221,0.07788026500231213,0.0,0.0,1.0,0.0,1.0,0.0,0.0,0.0
74,10,[5 0],0,5.0,0.0,0.5185100556181507,0.4814899443818493,0.0,0.159686461237614,0.45194222801598205,0.38837131074640396,0.0,0.0,1.0,0.0,0.0,1.0,0.0,0.0,0.0,0.0,1.0,0.0,0.0,0.0,1.0,0.0,0.0,0.0,0.0,1.0,0.0,0.20409779301451272,0.175994212038674,0.3832189093748334,0.23668908557197996,0.0,0.0,0.0,1.0,0.0,0.0,0.4814899443818495,0.5185100556181506,1.0,0.0,0.0,0.0,0.0,0.0,0.0,1.0,0.0,0.0,0.0,1.0,0.22294455615863543,0.0,0.49863138703257126,0.27842405680879334,1.0,0.0,0.0,0.0,0.0,0.0,1.0,0.0,1.0,0.0,0.0,0.0
75,11,[5 0],0,5.0,0.0,0.5185100556181507,0.4814899443818493,0.0,0.159686461237614,0.45194222801598205,0.38837131074640396,0.0,0.0,1.0,0.0,0.0,1.0,0.0,0.0,0.0,0.0,1.0,0.0,0.0,0.0,1.0,0.0,0.0,0.0,0.0,1.0,0.0,0.20409779301451272,0.175994212038674,0.3832189093748334,0.23668908557197996,0.0,0.0,0.0,1.0,0.0,0.0,0.48148994438184944,0.5185100556181506,1.0,0.0,0.0,0.0,0.0,0.0,0.0,1.0,0.0,0.0,0.0,1.0,0.2229445561586354,0.0,0.4986313870325712,0.27842405680879334,0.2859023491752157,0.0,0.7140976508247844,0.0,0.0,0.0,1.0,0.0,1.0,0.0,0.0,0.0
76,9,[5 0],0,5.0,0.0,0.5185100556181507,0.4814899443818493,0.0,0.159686461237614,0.45194222801598205,0.38837131074640396,0.0,0.0,1.0,0.0,0.0,1.0,0.0,0.0,0.0,0.0,1.0,0.0,0.0,0.0,1.0,0.0,0.0,0.0,0.0,1.0,0.0,0.20409779301451272,0.175994212038674,0.3832189093748334,0.23668908557197996,0.0,0.0,0.0,1.0,0.0,0.0,0.4814899443818495,0.5185100556181506,1.0,0.0,0.0,0.0,0.0,0.0,0.0,1.0,0.0,0.0,0.0,1.0,0.22294455615863537,0.0,0.4986313870325712,0.2784240568087933,0.28377982900146026,0.0,0.6409672057774771,0.07525296522106258,0.0,0.0,1.0,0.0,1.0,0.0,0.0,0.0
77,13,[5 0],0,5.0,0.0,0.5185100556181507,0.4814899443818493,0.0,0.159686461237614,0.45194222801598205,0.38837131074640396,0.0,0.0,1.0,0.0,0.0,1.0,0.0,0.0,0.0,0.0,1.0,0.0,0.0,0.0,1.0,0.0,0.0,0.0,0.0,1.0,0.0,0.20409779301451272,0.175994212038674,0.3832189093748334,0.23668908557197996,0.0,0.0,0.0,1.0,0.0,0.0,0.4814899443818495,0.5185100556181504,1.0,0.0,0.0,0.0,0.0,0.0,0.0,1.0,0.0,0.0,0.0,1.0,0.2229445561586354,0.0,0.49863138703257126,0.27842405680879334,0.0,0.0,1.0,0.0,0.0,0.0,1.0,0.0,1.0,0.0,0.0,0.0
78,11,[5 0],0,5.0,0.0,0.5185100556181507,0.4814899443818493,0.0,0.159686461237614,0.45194222801598205,0.38837131074640396,0.0,0.0,1.0,0.0,0.0,1.0,0.0,0.0,0.0,0.0,1.0,0.0,0.0,0.0,1.0,0.0,0.0,0.0,0.0,1.0,0.0,0.20409779301451272,0.175994212038674,0.3832189093748334,0.23668908557197996,0.0,0.0,0.0,1.0,0.0,0.0,0.48148994438184956,0.5185100556181504,1.0,0.0,0.0,0.0,0.0,0.0,0.0,1.0,0.0,0.0,0.0,1.0,0.2229445561586354,0.0,0.4986313870325713,0.27842405680879334,0.2859023491752157,0.0,0.7140976508247844,0.0,0.0,0.0,1.0,0.0,1.0,0.0,0.0,0.0
79,9,[5 0],0,5.0,0.0,0.5185100556181507,0.4814899443818493,0.0,0.159686461237614,0.45194222801598205,0.38837131074640396,0.0,0.0,1.0,0.0,0.0,1.0,0.0,0.0,0.0,0.0,1.0,0.0,0.0,0.0,1.0,0.0,0.0,0.0,0.0,1.0,0.0,0.20409779301451272,0.175994212038674,0.3832189093748334,0.23668908557197996,0.0,0.0,0.0,1.0,0.0,0.0,0.48148994438184956,0.5185100556181504,1.0,0.0,0.0,0.0,0.0,0.0,0.0,1.0,0.0,0.0,0.0,1.0,0.22294455615863537,0.0,0.4986313870325713,0.2784240568087933,0.28377982900146026,0.0,0.6409672057774771,0.07525296522106258,0.0,0.0,1.0,0.0,1.0,0.0,0.0,0.0
80,10,[5 0],0,5.0,0.0,0.5185100556181507,0.4814899443818493,0.0,0.159686461237614,0.45194222801598205,0.38837131074640396,0.0,0.0,1.0,0.0,0.0,1.0,0.0,0.0,0.0,0.0,1.0,0.0,0.0,0.0,1.0,0.0,0.0,0.0,0.0,1.0,0.0,0.20409779301451272,0.175994212038674,0.3832189093748334,0.23668908557197996,0.0,0.0,0.0,1.0,0.0,0.0,0.4814899443818496,0.5185100556181504,1.0,0.0,0.0,0.0,0.0,0.0,0.0,1.0,0.0,0.0,0.0,1.0,0.22294455615863534,0.0,0.49863138703257126,0.2784240568087933,1.0,0.0,0.0,0.0,0.0,0.0,1.0,0.0,1.0,0.0,0.0,0.0
81,11,[5 0],0,5.0,0.0,0.5185100556181507,0.4814899443818493,0.0,0.159686461237614,0.45194222801598205,0.38837131074640396,0.0,0.0,1.0,0.0,0.0,1.0,0.0,0.0,0.0,0.0,1.0,0.0,0.0,0.0,1.0,0.0,0.0,0.0,0.0,1.0,0.0,0.20409779301451272,0.175994212038674,0.3832189093748334,0.23668908557197996,0.0,0.0,0.0,1.0,0.0,0.0,0.4814899443818496,0.5185100556181503,1.0,0.0,0.0,0.0,0.0,0.0,0.0,1.0,0.0,0.0,0.0,1.0,0.22294455615863534,0.0,0.4986313870325713,0.2784240568087933,0.2859023491752157,0.0,0.7140976508247844,0.0,0.0,0.0,1.0,0.0,1.0,0.0,0.0,0.0
82,11,[5 0],0,5.0,0.0,0.5185100556181507,0.4814899443818493,0.0,0.159686461237614,0.45194222801598205,0.38837131074640396,0.0,0.0,1.0,0.0,0.0,1.0,0.0,0.0,0.0,0.0,1.0,0.0,0.0,0.0,1.0,0.0,0.0,0.0,0.0,1.0,0.0,0.20409779301451272,0.175994212038674,0.3832189093748334,0.23668908557197996,0.0,0.0,0.0,1.0,0.0,0.0,0.48148994438184967,0.5185100556181503,1.0,0.0,0.0,0.0,0.0,0.0,0.0,1.0,0.0,0.0,0.0,1.0,0.22294455615863537,0.0,0.49863138703257137,0.2784240568087933,0.2859023491752157,0.0,0.7140976508247844,0.0,0.0,0.0,1.0,0.0,1.0,0.0,0.0,0.0
83,10,[5 0],0,5.0,0.0,0.5185100556181507,0.4814899443818493,0.0,0.159686461237614,0.45194222801598205,0.38837131074640396,0.0,0.0,1.0,0.0,0.0,1.0,0.0,0.0,0.0,0.0,1.0,0.0,0.0,0.0,1.0,0.0,0.0,0.0,0.0,1.0,0.0,0.20409779301451272,0.175994212038674,0.3832189093748334,0.23668908557197996,0.0,0.0,0.0,1.0,0.0,0.0,0.48148994438184967,0.5185100556181503,1.0,0.0,0.0,0.0,0.0,0.0,0.0,1.0,0.0,0.0,0.0,1.0,0.22294455615863534,0.0,0.49863138703257137,0.2784240568087933,1.0,0.0,0.0,0.0,0.0,0.0,1.0,0.0,1.0,0.0,0.0,0.0
84,14,[5 0],0,5.0,0.0,0.5185100556181507,0.4814899443818493,0.0,0.159686461237614,0.45194222801598205,0.38837131074640396,0.0,0.0,1.0,0.0,0.0,1.0,0.0,0.0,0.0,0.0,1.0,0.0,0.0,0.0,1.0,0.0,0.0,0.0,0.0,1.0,0.0,0.20409779301451272,0.175994212038674,0.3832189093748334,0.23668908557197996,0.0,0.0,0.0,1.0,0.0,0.0,0.48148994438184967,0.5185100556181503,1.0,0.0,0.0,0.0,0.0,0.0,0.0,1.0,0.0,0.0,0.0,1.0,0.22294455615863532,0.0,0.49863138703257137,0.27842405680879323,0.18063988996809247,0.0,0.592672494123274,0.22668761590863343,0.0,0.0,1.0,0.0,1.0,0.0,0.0,0.0
85,9,[5 0],0,5.0,0.0,0.5185100556181507,0.4814899443818493,0.0,0.159686461237614,0.45194222801598205,0.38837131074640396,0.0,0.0,1.0,0.0,0.0,1.0,0.0,0.0,0.0,0.0,1.0,0.0,0.0,0.0,1.0,0.0,0.0,0.0,0.0,1.0,0.0,0.20409779301451272,0.175994212038674,0.3832189093748334,0.23668908557197996,0.0,0.0,0.0,1.0,0.0,0.0,0.4814899443818497,0.5185100556181503,1.0,0.0,0.0,0.0,0.0,0.0,0.0,1.0,0.0,0.0,0.0,1.0,0.22294455615863532,0.0,0.49863138703257137,0.27842405680879323,0.2694806962778971,0.0,0.6435193407071685,0.08699996301493448,0.0,0.0,1.0,0.0,1.0,0.0,0.0,0.0
86,11,[5 0],0,5.0,0.0,0.5185100556181507,0.4814899443818493,0.0,0.159686461237614,0.45194222801598205,0.38837131074640396,0.0,0.0,1.0,0.0,0.0,1.0,0.0,0.0,0.0,0.0,1.0,0.0,0.0,0.0,1.0,0.0,0.0,0.0,0.0,1.0,0.0,0.20409779301451272,0.175994212038674,0.3832189093748334,0.23668908557197996,0.0,0.0,0.0,1.0,0.0,0.0,0.4814899443818497,0.5185100556181502,1.0,0.0,0.0,0.0,0.0,0.0,0.0,1.0,0.0,0.0,0.0,1.0,0.22294455615863534,0.0,0.4986313870325714,0.2784240568087933,0.31392388804945276,0.0,0.6860761119505473,0.0,0.0,0.0,1.0,0.0,1.0,0.0,0.0,0.0
87,9,[5 0],0,5.0,0.0,0.5185100556181507,0.4814899443818493,0.0,0.159686461237614,0.45194222801598205,0.38837131074640396,0.0,0.0,1.0,0.0,0.0,1.0,0.0,0.0,0.0,0.0,1.0,0.0,0.0,0.0,1.0,0.0,0.0,0.0,0.0,1.0,0.0,0.20409779301451272,0.175994212038674,0.3832189093748334,0.23668908557197996,0.0,0.0,0.0,1.0,0.0,0.0,0.4814899443818498,0.5185100556181502,1.0,0.0,0.0,0.0,0.0,0.0,0.0,1.0,0.0,0.0,0.0,1.0,0.22294455615863532,0.0,0.4986313870325714,0.27842405680879323,0.2694806962778971,0.0,0.6435193407071685,0.08699996301493448,0.0,0.0,1.0,0.0,1.0,0.0,0.0,0.0
88,9,[5 0],0,5.0,0.0,0.5185100556181507,0.4814899443818493,0.0,0.159686461237614,0.45194222801598205,0.38837131074640396,0.0,0.0,1.0,0.0,0.0,1.0,0.0,0.0,0.0,0.0,1.0,0.0,0.0,0.0,1.0,0.0,0.0,0.0,0.0,1.0,0.0,0.20409779301451272,0.175994212038674,0.3832189093748334,0.23668908557197996,0.0,0.0,0.0,1.0,0.0,0.0,0.4814899443818498,0.5185100556181502,1.0,0.0,0.0,0.0,0.0,0.0,0.0,1.0,0.0,0.0,0.0,1.0,0.2229445561586353,0.0,0.4986313870325714,0.27842405680879323,0.2694806962778971,0.0,0.6435193407071685,0.08699996301493448,0.0,0.0,1.0,0.0,1.0,0.0,0.0,0.0
89,9,[5 0],0,5.0,0.0,0.5185100556181507,0.4814899443818493,0.0,0.159686461237614,0.45194222801598205,0.38837131074640396,0.0,0.0,1.0,0.0,0.0,1.0,0.0,0.0,0.0,0.0,1.0,0.0,0.0,0.0,1.0,0.0,0.0,0.0,0.0,1.0,0.0,0.20409779301451272,0.175994212038674,0.3832189093748334,0.23668908557197996,0.0,0.0,0.0,1.0,0.0,0.0,0.4814899443818498,0.5185100556181502,1.0,0.0,0.0,0.0,0.0,0.0,0.0,1.0,0.0,0.0,0.0,1.0,0.2229445561586353,0.0,0.4986313870325714,0.27842405680879323,0.2694806962778971,0.0,0.6435193407071685,0.08699996301493448,0.0,0.0,1.0,0.0,1.0,0.0,0.0,0.0
